{
  "single_test": {
    "timestamp": "2025-07-30T12:31:30.905881",
    "test_path": "athalia_core",
    "baseline": {
      "execution_time": 1.2483971118927002,
      "success": true,
      "output_lines": 1,
      "error_lines": 14
    },
    "with_cache": {
      "execution_time": 1.2589678764343262,
      "success": true,
      "output_lines": 1,
      "error_lines": 14
    },
    "improvement": {
      "time_saved": -0.010570764541625977,
      "improvement_percent": -0.8467469558303924,
      "speedup_factor": 0.9916036264788862
    }
  },
  "multiple_test": {
    "first_execution": 1.091526985168457,
    "avg_subsequent": 1.4615705013275146,
    "improvement_percent": -33.901453760389465,
    "all_times": [
      1.091526985168457,
      1.7820260524749756,
      1.1411149501800537
    ]
  }
}